"id","time"
1,0.607697982987656
2,0.195247981566614
3,0.518601652109088
4,0.531266527085032
5,0.0430194495165334
6,0.807493093890768
7,1.11244422691048
8,0.0604650832222392
9,0.501826505264021
10,0.423800498649661
11,0.796846158376084
12,0.732288992800608
13,0.036237334284564
14,0.68969887164208
15,0.242608486973779
16,0.421257374138305
17,0.891609705961384
18,0.638629268336335
19,1.41222534633195
20,0.0144616406692239
21,0.538417879163763
22,0.216818747616419
23,0.243126796019976
24,0.529774192108121
25,0.594329790295407
26,0.344756237020144
27,0.068220726505341
28,0.627330184821548
29,0.390296644078885
30,0.708139063053201
31,0.651036807215593
32,0.369223941333909
33,0.122209597886096
34,0.203857584324194
35,0.193664112486627
36,0.48253934661147
37,0.487532302051305
38,0.31124901845441
39,0.218300764726422
40,0.252675964073603
41,0.553620579865055
42,0.540914499097509
43,0.299754596454863
44,0.0268299074073168
45,0.424395072042713
46,0.479011879192089
47,0.312917945630106
48,1.33162380162002
49,1.11465103146869
50,0.587702238250805
51,0.30089863125948
52,0.112904460235417
53,0.330345125592939
54,0.912467701395367
55,0.579021413048727
56,1.76060118781324
57,0.772814811606051
58,0.748861052854495
59,0.740005574526208
60,0.642130990580366
61,0.573208629604474
62,0.225546855623662
63,0.287465533079747
64,0.226944888395265
65,1.21933829657918
66,1.01279917008755
67,0.844050119781542
68,0.292846460090141
69,1.07359824442533
70,0.425933921874492
71,0.141344815255103
72,0.887564385642628
73,0.393084019633828
74,1.34875970129635
75,1.05740399779022
76,0.730279121404902
77,0.397690086785637
78,0.67907054514383
79,1.20921918505227
80,1.01919014299454
81,1.55385840612373
82,1.1545139894729
83,0.254125880397736
84,0.736391326885376
85,0.231273179910293
86,0.354399159875951
87,0.0973183159510464
88,0.171837851671642
89,1.54416493214363
90,1.2272081540592
91,0.249300181722993
92,1.58358860740123
93,0.17726021559413
94,1.39841243141998
95,0.171246946779071
96,0.616312653645617
97,0.0407972134821152
98,0.264546440583762
99,0.210900403455316
100,0.132802213781794
101,0.462249539859325
102,0.80045361489447
103,0.111661825245665
104,0.392234694550326
105,0.266552794883832
106,0.176067387545891
107,0.77611751205703
108,0.0248920179581096
109,0.819122001603361
110,0.288233076926867
111,0.609291362595389
112,0.591718043316342
113,0.312182833012437
114,0.458859837235009
115,0.310165020172963
116,2.11533698027029
117,0.762370989849828
118,1.74553768367716
119,1.20410998640075
120,1.04231413804256
121,0.620343774959855
122,0.309663357888791
123,0.352121513982268
124,0.321261256319452
125,0.579276208759787
126,1.06969944079767
127,0.069137821016519
128,0.169884746659583
129,0.717297444366321
130,0.493876772718708
131,1.36267700924247
132,0.0415346953977128
133,0.171962409251511
134,0.32351076547056
135,0.49790893492475
136,0.350723357101329
137,0.798320626376057
138,0.188584079841141
139,0.168393996742915
140,1.26163303587644
141,0.556354279466559
142,0.416231132986997
143,0.137336608156034
144,0.138591704243565
145,0.0234635119722599
146,0.463638993617402
147,1.31474536194397
148,0.303055124696497
149,0.210024405398439
150,0.393092375697281
151,0.527999748477383
152,0.687048687366831
153,1.18002138418265
154,0.287354206415624
155,0.182940272171218
156,0.177134075934975
157,0.217948604035619
158,0.369808734694619
159,0.197274191555433
160,0.022166102425077
161,2.10828954548049
162,0.0335732354829863
163,0.132965064920526
164,0.436710202512487
165,0.071961861112735
166,0.58598326886207
167,0.183748736849227
168,0.17430336497075
169,0.837836262346566
170,0.920850750284982
171,0.0901259519762655
172,0.0383360690327856
173,0.0333491529811232
174,0.766233558265107
175,0.485668445776537
176,0.0691153683306436
177,0.354593440473243
178,1.25226080463247
179,0.909354760055779
180,0.193586255075069
181,0.321676489764929
182,0.355092275536911
183,0.045559538609428
184,0.71825531841086
185,0.730057533710963
186,0.375908875810401
187,0.221799239540718
188,0.360783908122842
189,0.974039348750254
190,0.904407853654021
191,0.269013130071911
192,0.0362544525006119
193,0.202822760388973
194,0.244822487508958
195,0.287290544640867
196,0.183618784739237
197,0.21064655248172
198,0.175121690711163
199,0.372171149188821
200,1.08007912658165
201,1.15029423702585
202,0.65590188628721
203,0.287624957081792
204,0.332788375610771
205,0.0953153181706173
206,1.57731752691517
207,0.0736617703268418
208,0.247403890292478
209,0.258697397686184
210,0.0787065757961625
211,0.801907733497494
212,0.734634579065732
213,0.769411292844884
214,0.0826593640973382
215,0.253837677643058
216,0.175577623264417
217,1.2345567713096
218,0.297683388897678
219,0.282875063352784
220,0.444170766620979
221,0.645292962865373
222,0.245813033040485
223,0.0095287894289284
224,0.6611543643522
225,0.20010990171572
226,0.720051701636938
227,0.537329712503343
228,0.128244498433844
229,0.39397068732897
230,0.123232869939128
231,0.386115540599813
232,0.429895325535187
233,1.25692097748786
234,0.385486836937714
235,0.317366515983298
236,0.197828786925235
237,0.983971866635676
238,0.195364586447828
239,1.52961061149884
240,0.181122953240628
241,0.640298843492498
242,0.223551937166671
243,0.813756119787844
244,0.621725763867528
245,0.335550414908564
246,1.2662451339313
247,0.491634326026829
248,0.0158461021744531
249,0.418052749525009
250,0.722835798225667
251,0.154022500929218
252,0.575515082714609
253,0.0541003948998875
254,0.0361352075403974
255,0.873097105328532
256,0.289993121024189
257,0.461755524844569
258,1.56715565878467
259,0.768290765142684
260,0.299927552240967
261,1.19812929626347
262,0.323395729891299
263,0.0438363346875971
264,0.452733582375475
265,0.301656430292693
266,0.561993697379044
267,0.229851481053253
268,0.846428591808187
269,0.388406519184488
270,0.600484693420223
271,0.0803383247550048
272,0.179014214361562
273,0.0463265488282589
274,1.25748649217197
275,1.3162660592022
276,0.352480648356135
277,0.933434817699612
278,0.891163249892843
279,0.11500190806747
280,0.123677511327191
281,1.14856558338409
282,0.922545673810743
283,0.423618916521589
284,1.22248420563679
285,0.604405967216983
286,1.66280968042851
287,0.182238981238869
288,0.237972809567895
289,0.104320172098745
290,0.941039420921625
291,0.277899884852065
292,0.249946168221361
293,0.102225326801152
294,0.113389226149465
295,0.00176845765390686
296,1.11482476768655
297,0.469610905290558
298,0.191705441725377
299,0.208735608302739
300,0.302367894333873
301,0.483193431603417
302,0.307755395262069
303,1.04196987948609
304,0.527926786621811
305,0.0377994177194576
306,0.683824615495566
307,0.186140102493424
308,0.0945473360945795
309,0.701999759175574
310,0.354958485512822
311,0.344856029151286
312,0.200314930821035
313,0.492134815235971
314,1.07680574532002
315,0.982215111439442
316,1.0844636937754
317,0.757696794329539
318,0.477763952277534
319,0.0490145801954451
320,0.853128964053953
321,0.673521604127597
322,0.152420620569161
323,0.110517710891089
324,0.505883371438476
325,1.27276632945707
326,0.0324376094167236
327,0.346644887902864
328,0.0565874712669951
329,0.10938325890539
330,1.11226201901839
331,1.3322289429563
332,0.602759822895435
333,1.04743116363228
334,0.543351475356188
335,0.225314031662017
336,0.0762103133890057
337,0.886962346975365
338,0.0574256644475293
339,0.845962875644972
340,0.773762485377302
341,0.752461784390373
342,0.616774101720318
343,0.386722420556976
344,0.317129295249679
345,0.14454690553025
346,0.703216097778433
347,0.385939708325158
348,0.726787047324235
349,0.329804805886988
350,1.17940976579524
351,0.585296964717314
352,0.132232230663481
353,0.221892220843815
354,0.11183516669995
355,0.326858785376227
356,0.631120939867076
357,0.776239076716479
358,0.34477894537358
359,1.47612020807299
360,0.759546073352067
361,0.365455380702998
362,0.366493053053586
363,0.69672657059334
364,0.705727113593849
365,1.20390012831274
366,0.540033779514357
367,0.23230859444306
368,0.548355189989267
369,0.733674938297522
370,0.733706149398248
371,0.351682522597128
372,1.39201842039795
373,0.946680766386418
374,0.160977438193885
375,0.899075170708072
376,0.344619616914867
377,0.192274660994052
378,0.702495792705252
379,0.209865715904518
380,0.416172910629727
381,0.638055167260868
382,0.105451985127261
383,0.169893495883806
384,0.98164892156069
385,1.82249063445334
386,0.208241618913946
387,0.122079433366827
388,0.313232418000682
389,0.152788165943775
390,0.233936259176977
391,0.188336746799135
392,0.0719828353358993
393,0.157318895739247
394,0.139760515999919
395,1.35959333620638
396,0.244916419905948
397,0.065405046281111
398,0.85624453245292
399,0.0828040605593964
400,0.721915895565233
401,0.0646384526793175
402,0.260257966595559
403,0.748434367394568
404,0.444399408735806
405,0.10873769874689
406,0.172892207473918
407,1.33258118896345
408,0.957217272117727
409,0.702778293837677
410,0.0037482393079071
411,1.35700445917308
412,0.603557035908423
413,0.233741162396452
414,0.502012393223475
415,0.417933206809401
416,0.0369976890375801
417,1.23778952005891
418,0.406046730131201
419,0.357465810539623
420,0.25888085775464
421,0.877001943220719
422,0.119044420307032
423,0.959918516332905
424,0.224162445850642
425,0.509492968713617
426,0.623002381375389
427,0.510603972167861
428,1.54416764672234
429,0.563604517707738
430,1.45191973160416
431,0.17761656972359
432,0.216844756392008
433,0.683199570894434
434,0.411502225051566
435,0.488297537135217
436,0.760807723976165
437,0.424954050888775
438,0.801506756544237
439,0.748637249049313
440,1.13393951855799
441,0.179832298304082
442,0.0365874432181429
443,1.23694794172457
444,0.517644181047561
445,0.433158396407681
446,0.40420135986763
447,1.0062469469385
448,0.0751711354540962
449,0.0466269505036009
450,0.672915275205275
451,0.246569868116936
452,0.366377169557919
453,1.13023346582839
454,0.0980746718089526
455,0.885253263163474
456,0.4133165260915
457,0.527258147628937
458,0.332974977117324
459,0.850371681976048
460,0.320638909759227
461,0.128001294955919
462,0.125859438680619
463,1.01385182881284
464,0.214266308295818
465,0.574394667136692
466,0.416913059434702
467,0.565470892696922
468,1.36276255812257
469,0.678629995241098
470,0.0846063892048443
471,0.637891335173905
472,0.0730802227766767
473,0.674649055986861
474,0.610083751580398
475,1.0126066437348
476,0.776655719042534
477,0.248012137228336
478,0.0147808963442611
479,0.557654355598865
480,0.576662760742337
481,0.293852449171434
482,1.02491825048838
483,0.635300530529803
484,0.0043539026708258
485,0.0628894433992756
486,0.226237783649374
487,0.105613085546533
488,0.661616589426105
489,0.415402624218109
490,0.0895144318213599
491,0.231710559656776
492,0.319246834702132
493,0.144665035795602
494,0.154324940586221
495,1.62043042061232
496,1.09876413590511
497,1.35145135697384
498,0.0247237002661664
499,0.0399917855053976
500,0.197239145955481
501,1.83366548427172
502,0.580181337843771
503,0.265672842667096
504,0.115032019320093
505,0.528725950668184
506,0.234470855893769
507,0.178033665056624
508,0.0164057845966959
509,0.570228375462133
510,0.579693132310871
511,1.0622922703097
512,1.39833012373228
513,0.84233974904626
514,0.218530502101345
515,0.416709600978473
516,0.0894130908472452
517,0.251674958612138
518,0.599618503903016
519,0.542329897690756
520,0.0865940100267081
521,0.302854967817171
522,0.501979388978671
523,0.451176201704156
524,0.418532895295959
525,1.01452662201054
526,0.358494006594538
527,0.176248564902774
528,0.735250696193441
529,0.569287274445217
530,0.254588528814753
531,0.0470959886681055
532,0.499159568133593
533,0.0222706416981834
534,0.174486171481237
535,0.688761578479407
536,0.284494796588908
537,0.495948434268712
538,0.936592840132046
539,1.29531760943213
540,0.364251023185699
541,0.583389064400239
542,0.938813244412513
543,0.242822848729215
544,0.679156286448508
545,0.962549471624675
546,0.95490640886296
547,0.0682966145882106
548,0.157554460771302
549,0.126527061927906
550,0.272928583215117
551,0.0186491076388911
552,0.264431817945543
553,0.802074610594111
554,0.435855037275009
555,0.889553702609031
556,0.364406261833757
557,2.60612274815778
558,0.65752141002596
559,0.236647254055799
560,0.189007527440077
561,0.367859410457976
562,1.57270076822935
563,1.40341597539849
564,0.362303637499942
565,0.641778133222504
566,0.749970656363904
567,0.244405053876851
568,0.163391941449964
569,0.431903941229798
570,0.165667845966735
571,0.609030604512078
572,0.889591786054337
573,0.0811302290233914
574,0.733076953627746
575,0.195177765438395
576,0.568257525859839
577,0.378875413087442
578,0.0594044795632509
579,0.469292688250072
580,0.0152138825740653
581,0.634813569685447
582,1.1049053065232
583,0.128356357524644
584,0.406938530055461
585,1.32274053892834
586,0.0699055490882746
587,0.116532928637196
588,0.408541842512881
589,1.34365616053912
590,1.53300072146533
591,0.68015758565558
592,0.507125206097933
593,0.298603175949457
594,0.679107348423873
595,0.416238385778897
596,0.168433287052698
597,0.346089674003192
598,0.380050355420709
599,1.39601313956017
600,0.177329139121083
601,0.113716064963963
602,1.59076153253149
603,0.577750234517479
604,0.139495103884961
605,0.660424939326297
606,0.074419652378381
607,0.657251242597254
608,1.59620052154074
609,1.19088726494057
610,0.0161411116648907
611,1.39170678745846
612,0.211447244182051
613,0.427559979492636
614,0.013739565146456
615,0.330962979306523
616,0.045439584263799
617,0.137119152163429
618,0.476971698558783
619,0.439607229120357
620,1.36920470185964
621,0.734493952410641
622,0.114302856000961
623,0.317814884392893
624,1.09078207833259
625,0.435435547641214
626,0.213143844022926
627,1.32258409554782
628,0.706548206469305
629,0.631744035924308
630,1.69298900887506
631,0.673774734438396
632,0.756749231818269
633,0.124477588470415
634,1.32967582193837
635,0.136017151956469
636,1.07203565443675
637,1.84775154451955
638,0.127714311031541
639,0.46458460956958
640,0.32630328587287
641,0.307959394634945
642,0.122903893665914
643,0.251412236485131
644,0.306614160654592
645,0.398542164967837
646,0.303067627737084
647,0.424882486918942
648,0.139142078181298
649,0.211780646209246
650,0.411095967893115
651,0.803523976769411
652,0.634507369843083
653,1.45742432272557
654,0.490970076572041
655,0.930765581753199
656,0.108769282056555
657,1.02272912634038
658,0.134897807977007
659,0.648017530413415
660,0.363047829611312
661,0.754579476587826
662,0.300257770372663
663,0.177586352553582
664,0.394742650537139
665,0.600971903374104
666,0.500731970001911
667,0.169711887873817
668,0.249110487117569
669,1.42242760368103
670,0.710978519256625
671,0.280181651937031
672,0.876498849940581
673,0.27046924516031
674,0.269493094559898
675,1.07764948777972
676,0.200339429182092
677,0.36938263295378
678,0.138026238198554
679,0.252249457613124
680,0.211643523806047
681,0.568175459308314
682,0.873263616797053
683,0.0391301016048595
684,1.06345348289706
685,0.311100961784069
686,0.712096187648462
687,0.463035754705654
688,0.2804687370741
689,0.531778473861771
690,0.329645996573142
691,0.426649703708702
692,0.379906957287659
693,2.26532378431056
694,0.404760204608831
695,0.618762348269274
696,0.596456269434312
697,0.35904924620417
698,0.248572512660015
699,0.199075572096268
700,1.43977391303093
701,0.289912760628449
702,0.192160380132306
703,0.35109749326312
704,0.342416370285988
705,0.653508727288262
706,0.531217984728548
707,0.383561370816076
708,0.481453935979877
709,0.332651484781356
710,0.0440181196203662
711,1.44567626022059
712,1.1295722954616
713,0.538354709170856
714,0.509415185696833
715,0.0349007616445752
716,0.846868686929593
717,0.394357955917937
718,0.544621382245008
719,0.45239316493797
720,0.0255769475896454
721,0.916338919673671
722,0.351521076908706
723,0.231881262852035
724,0.180973377453796
725,0.295481694590144
726,0.553564309285075
727,0.279564983085259
728,0.15941033812424
729,0.618714335010628
730,1.16609721612416
731,0.272579584048758
732,0.237312749363085
733,0.825127619003494
734,0.126085243526847
735,0.443913768000941
736,0.161465683062901
737,0.257019810026324
738,0.201994735729486
739,0.226847045994881
740,0.514704100396823
741,0.491294537893579
742,1.03124489822933
743,0.263957853444982
744,1.29581207330735
745,0.775306986809567
746,0.492389998149952
747,0.232806504608086
748,0.911780589537159
749,0.173540993947528
750,0.019061537356871
751,1.33854615534129
752,0.255290380927018
753,2.35251732122571
754,0.0327642794495562
755,0.11956182452282
756,1.20102304550089
757,0.217931326133337
758,0.0343418936976929
759,1.13911126809792
760,0.0732716281508421
761,0.451547088769281
762,0.133332681451436
763,0.240132741941373
764,1.16047098582846
765,0.243183976358907
766,0.184813935950645
767,1.24732272937118
768,0.272549895443599
769,0.13501746175639
770,0.869226223065712
771,1.38370167641757
772,1.28582689721673
773,0.765596844393773
774,1.02903857840918
775,0.0147783779961628
776,0.728164610036462
777,1.98518196175747
778,0.700346537395561
779,0.819020864653928
780,0.494855564253968
781,0.451392057170999
782,2.61124839859182
783,0.378880283761915
784,0.307029047609407
785,0.229958536825955
786,0.265527307076537
787,0.137136886547848
788,0.37153115378196
789,1.30200029965353
790,0.117020356410154
791,0.201493281804462
792,0.166777954381459
793,0.0244053178376852
794,0.167786605335783
795,0.97041887758605
796,0.231166093779451
797,0.0679905177737095
798,0.219698211652755
799,0.231317955981927
800,0.74486459965244
801,0.360690962418819
802,0.244317697558099
803,0.387370660487171
804,0.912075073175757
805,0.152722848444762
806,0.240018500128132
807,0.308211941932188
808,0.0696701912425985
809,0.0972999866659558
810,0.551522723641748
811,0.318791663662993
812,0.773380176305626
813,0.583478338884101
814,0.11861456324594
815,0.0562379670012678
816,0.508982103638212
817,0.257081042134117
818,0.128396978041393
819,0.907680646222198
820,0.489431590603832
821,0.327449182743802
822,0.692855716312426
823,0.0863519400549747
824,0.468093140967901
825,0.0824198354985358
826,1.42769271654257
827,0.414907811782996
828,0.189909360670726
829,0.128202766696923
830,1.06949471178322
831,0.0844463460764561
832,0.433639892688327
833,0.00959439401273721
834,1.21948988621522
835,0.368046968374939
836,1.92785096784277
837,0.672394216221418
838,0.718215295003427
839,0.298106179996493
840,0.45272930220246
841,0.778296085575226
842,0.198210596841511
843,1.14638013176872
844,0.38610971929245
845,0.0361069295076042
846,0.858947696789987
847,1.28479006402698
848,0.106711765101691
849,1.075550476903
850,0.351131238138903
851,0.185377339633292
852,0.311447955524153
853,0.0431975161140065
854,0.254461030141818
855,0.0618720964416052
856,0.351604354968303
857,2.36778497834826
858,0.81878168910618
859,0.245032148856848
860,0.243274074524265
861,0.354426879157468
862,0.387378586656423
863,0.827641451839245
864,0.679299477748799
865,0.576213684063345
866,0.795874410496962
867,0.502156067407524
868,0.116947254115866
869,1.15766354978889
870,0.104257134466885
871,0.29033470080957
872,0.192575918707745
873,0.0470031961013809
874,0.279276786054797
875,0.294869977567494
876,0.412237331568217
877,0.573872109257462
878,0.301144885381278
879,0.00749193717879946
880,0.577764820592824
881,0.618076439642246
882,0.514871491246955
883,0.158547958148168
884,0.0513314530974534
885,0.269416275415095
886,0.968342526565842
887,1.25506909339397
888,1.32569935259718
889,0.295379164994003
890,0.774259132717597
891,0.337779193243629
892,0.281793453123816
893,0.484912933783582
894,0.698237656025001
895,0.319751227142364
896,0.109784750983639
897,0.594609782974084
898,1.1468996036724
899,0.635615653074027
900,0.0637473827280096
901,0.109677669060413
902,0.196790658385704
903,0.134658761165255
904,0.107322607477593
905,0.2431420427675
906,0.329094319774914
907,0.212231912265878
908,0.108212120886524
909,0.207046562772236
910,0.276021341108274
911,0.237130662861734
912,1.78492545921694
913,0.210594078410575
914,0.0131561436484856
915,0.0468673513840338
916,0.642431483535891
917,0.333015440070472
918,0.473356164297268
919,0.655602988536342
920,1.17160107120859
921,0.293088125097328
922,0.332116505105292
923,1.41991953523657
924,0.510200513874369
925,0.100290527232689
926,0.417621808233423
927,0.874906446199074
928,0.3543892393061
929,0.851942010107854
930,1.3776986119028
931,0.289294616806747
932,1.5218981665721
933,0.737949896195972
934,0.840623207761907
935,0.21797691639476
936,0.747197587483558
937,0.154166044631346
938,0.281492242776095
939,0.0433033309509183
940,0.469415087625007
941,0.0701600942246888
942,0.522768540095212
943,0.126226558869129
944,0.373378168717477
945,0.418486066189136
946,0.989867426986101
947,0.480283191401024
948,0.255248403579862
949,0.0434111962377033
950,0.943057733489203
951,0.875706110669044
952,0.234915269133058
953,0.600222718823034
954,0.401996221835134
955,0.735501304060728
956,0.604425919777863
957,0.491756748272842
958,1.13278637277484
959,0.653956104564742
960,0.12884720757206
961,0.762776501259897
962,0.182217910812494
963,1.03660456194737
964,0.0315855694994705
965,0.201705956683901
966,0.484185912946195
967,0.375640599374574
968,0.235132687566713
969,0.0360794340019115
970,0.398925005145562
971,1.08745780156259
972,0.546539690110459
973,0.973655881792921
974,0.166540760595374
975,0.374303952029047
976,0.684007500975829
977,0.228993882214113
978,0.291359300159857
979,0.500093271582522
980,0.204997193798536
981,1.06859911667312
982,0.342020183747146
983,0.126117791250089
984,0.6157778356267
985,0.178658268170573
986,0.163557480416104
987,0.170276994532216
988,0.0622146775120293
989,0.13975830885891
990,1.50937663167019
991,0.891691681739263
992,0.951735780343176
993,0.382215344727395
994,0.421533051835114
995,0.157825870230691
996,0.232594234363617
997,0.604028638206093
998,1.61069092993011
999,0.533658238883448
1000,0.314565423959149
1001,0.674482502193633
1002,0.0155621008960206
1003,0.0873986591995611
1004,0.0911966785937477
1005,0.986348971877487
1006,0.213651350072719
1007,0.232934907114047
1008,0.647185846781814
1009,0.355398891146459
1010,0.579065366184017
1011,0.0234214884986632
1012,0.701189652619871
1013,0.160948736595177
1014,0.464272164846379
1015,0.917265388750258
1016,0.839532720833278
1017,0.471314404193206
1018,0.218205542363376
1019,0.248724535392631
1020,0.3069051230192
1021,0.905611641939476
1022,0.502332683000395
1023,0.138898964103122
1024,0.319919825733332
1025,0.841435432558471
1026,0.615212120983576
1027,0.691733672065713
1028,0.39227895215313
1029,0.456621699600907
1030,0.111038712619433
1031,0.326784241967983
1032,0.291453043937546
1033,0.501668816984571
1034,0.0802756278618759
1035,0.288731110295127
1036,0.408667007281635
1037,0.338132971581263
1038,1.14939805996291
1039,0.711198428520549
1040,0.750796979508307
1041,0.535627567014007
1042,0.845607336335353
1043,0.420145200056484
1044,0.471009504075412
1045,0.757040114643917
1046,0.795252962495015
1047,1.4262087656556
1048,0.156422008926594
1049,0.622921955161518
1050,0.407589732432975
1051,0.0899496482227438
1052,0.149498418686755
1053,0.192582500391036
1054,0.0047339798976623
1055,0.0233189489002344
1056,1.61255196942999
1057,1.080339673845
1058,0.740451153116796
1059,0.96411362965899
1060,0.266671002584081
1061,0.719364052705259
1062,0.128668463415912
1063,0.186665723240531
1064,0.839480875065906
1065,1.03173614505545
1066,0.449046015137546
1067,0.153520376808815
1068,0.176489971278613
1069,0.615260466644055
1070,1.14237837942009
1071,0.0746446116543782
1072,0.197430523205536
1073,0.44325510393777
1074,0.676409592991688
1075,0.437678428463363
1076,0.0707336921543282
1077,0.656690108262365
1078,0.0870004946068578
1079,0.881634060583954
1080,0.766647286908426
1081,0.116982258135823
1082,0.363804341142209
1083,1.14451814921061
1084,0.175907387564492
1085,1.45928740137744
1086,0.0077692682339329
1087,1.02456259920613
1088,0.946856595666873
1089,0.855488486376315
1090,0.0626365840349826
1091,0.0566209449783948
1092,0.314701736181208
1093,0.911369022738003
1094,0.383544249324938
1095,1.07639600851533
1096,0.598590093986365
1097,0.667290146534996
1098,0.267493675932045
1099,0.738710729831752
1100,0.182443962113771
1101,0.163229257450255
1102,1.4180703963559
1103,1.32317510044606
1104,1.04785129675341
1105,0.180824843311784
1106,0.181928223225013
1107,0.182598480530206
1108,0.342950766847282
1109,0.549148079627687
1110,0.171171306454205
1111,0.482326900845571
1112,0.169320164205451
1113,0.29378861347968
1114,0.626767951539595
1115,0.832411758195522
1116,0.094044046524413
1117,0.367602300668684
1118,0.693311254498187
1119,1.04279100276384
1120,0.569503503546141
1121,0.562756828584282
1122,0.241659359260382
1123,0.908492987984908
1124,0.0703942693528646
1125,0.158963095156558
1126,1.01146779889522
1127,1.11298801510022
1128,0.181673048226512
1129,0.49312744605184
1130,1.4644875457433
1131,0.399062488255755
1132,0.910922753798622
1133,0.226935528690278
1134,0.00356690233999944
1135,0.33582932356307
1136,2.46714523784965
1137,0.283171345613964
1138,1.59271689948555
1139,0.0748612959409263
1140,0.009592046156061
1141,0.279157006796012
1142,0.641032718147684
1143,1.19489121986628
1144,0.106352106432765
1145,0.016391076773505
1146,0.565226666209507
1147,0.0658155295724562
1148,0.301729690958236
1149,0.719107944797451
1150,0.184435185434375
1151,0.858364826591079
1152,0.509342511767102
1153,0.351667574967236
1154,0.340806158245037
1155,0.156551239170834
1156,0.170715807203319
1157,0.852573627316229
1158,0.928996817195419
1159,0.2089167718252
1160,0.670104839740549
1161,0.279338280352524
1162,0.445247652791366
1163,1.59012358321105
1164,0.164701331135072
1165,0.450156466108585
1166,0.380795394918012
1167,0.12230114025576
1168,0.891329122399308
1169,0.921878266714196
1170,0.717127868205606
1171,0.139781081993259
1172,0.352885311366647
1173,0.796070375180648
1174,0.64978682314277
1175,1.20021628751982
1176,0.827718284712583
1177,0.530036443779005
1178,0.702794595012424
1179,0.355565807683647
1180,0.415460955966456
1181,0.240582871266684
1182,0.752174736267923
1183,0.0291962854771886
1184,1.43985438143175
1185,0.237747477761646
1186,0.191678495117217
1187,0.226260922074355
1188,0.496511977774906
1189,0.647130174270691
1190,1.17733504470941
1191,0.515714538642367
1192,1.7031885760122
1193,0.115041437905333
1194,1.00663253083998
1195,0.262922461900773
1196,0.122800167940904
1197,0.436742989157616
1198,0.504297855695066
1199,0.469855241614061
1200,0.0349068261559718
1201,0.601180052164306
1202,1.5680422520466
1203,0.397909637100205
1204,0.212553079797237
1205,1.15782286617774
1206,0.141764088337252
1207,0.0168718264665413
1208,1.06890117731055
1209,0.201142649693448
1210,0.154072639396474
1211,0.72494297369227
1212,0.0569665734086077
1213,1.47675723213427
1214,0.752467283239194
1215,0.228562454581468
1216,0.0746448674941377
1217,0.434742598868603
1218,0.195700453058874
1219,0.637202022572978
1220,0.531890393727686
1221,0.253017719906892
1222,0.21809536460349
1223,0.224132589413416
1224,1.75433979614348
1225,0.262914657251468
1226,0.149657664552855
1227,0.0576200324997903
1228,0.32729028697427
1229,1.0866862466425
1230,0.0881295340462064
1231,0.810817721412742
1232,0.0434738420086474
1233,0.090743996059571
1234,0.564369623371814
1235,0.322670920770166
1236,0.495824100396571
1237,0.166514653302568
1238,0.0299476729980538
1239,0.558283204748786
1240,0.553156554499339
1241,1.26983050182808
1242,0.247774190489288
1243,0.693678936473529
1244,0.100717277932177
1245,0.279825721629691
1246,0.565464621117469
1247,0.182859911917082
1248,0.0754596619891395
1249,0.476692808827825
1250,0.63985868087057
1251,0.613346066367685
1252,0.11205253175046
1253,0.0596976882800625
1254,0.377184663006503
1255,0.257368309053958
1256,1.62089866950252
1257,0.92767607471722
1258,0.233460549430911
1259,0.755022988828325
1260,0.18368800453832
1261,0.0499048213106579
1262,0.129609402717062
1263,0.33102697759286
1264,0.316680663405824
1265,0.782212664154781
1266,0.565846297298191
1267,0.507328060021482
1268,0.354909298412762
1269,0.431339852727844
1270,0.127928347135076
1271,0.855326051468527
1272,0.747122825354983
1273,0.709367564005792
1274,0.242220463319726
1275,1.00013069489302
1276,0.109800630353468
1277,0.941641402109659
1278,0.85558435784712
1279,0.385922783951019
1280,0.147548601121294
1281,0.409442907587684
1282,0.052681626228959
1283,0.335371669818328
1284,0.868243412046442
1285,0.347638246961841
1286,1.03171703062031
1287,0.808791648139593
1288,0.689283444446558
1289,0.454727314165196
1290,0.162505349174488
1291,0.0733074828336621
1292,2.26446345104167
1293,1.34502340294396
1294,0.0602873362328909
1295,0.123954713593658
1296,2.35688201081821
1297,1.03250355696335
1298,1.16291285323534
1299,0.748807360775604
1300,0.61780111020687
1301,0.811673448361234
1302,0.154550001789571
1303,0.0777214277028462
1304,0.156037298097252
1305,0.586791589940815
1306,0.132971570055312
1307,0.175852277906995
1308,0.0124435555826873
1309,1.17179477172042
1310,0.257095063451035
1311,0.435570987975689
1312,0.386004238449896
1313,0.311133522144146
1314,0.328976945692807
1315,0.434837504090172
1316,0.341786942443627
1317,0.698732687964248
1318,1.00524032307443
1319,0.945587297795159
1320,0.651979653507538
1321,0.143065827253854
1322,0.0715278374035414
1323,0.54231063562985
1324,0.438950832719834
1325,0.0507242909202186
1326,1.2167367582104
1327,0.247865999159215
1328,0.607392132191067
1329,0.456615399810277
1330,0.331595197659957
1331,0.160535655329678
1332,0.142557190072681
1333,1.22845005576895
1334,0.0543614434901861
1335,0.307014705684359
1336,1.03153123483225
1337,0.260695834001925
1338,1.25856284857291
1339,0.475465998787257
1340,0.349045069576136
1341,0.849237191987482
1342,0.876602718053527
1343,0.34468845228868
1344,0.553468464896791
1345,0.131274798605612
1346,0.599411473231403
1347,0.748274195156978
1348,0.274641710431283
1349,0.128224617128861
1350,0.121271422195852
1351,0.382724432955901
1352,0.310671941212693
1353,0.220661720964739
1354,0.178817109387447
1355,0.290744011672456
1356,0.827286967805743
1357,0.523752447868587
1358,0.621051435777726
1359,1.26865666758491
1360,0.970568564436101
1361,0.942368523647016
1362,0.573765600778824
1363,0.117002046943016
1364,0.0834944720570408
1365,0.147430375849701
1366,0.754906079257566
1367,0.255535705960208
1368,0.392733655149684
1369,0.320625598159953
1370,0.4496128797309
1371,0.144746271718563
1372,0.759622766209353
1373,0.0762607802318377
1374,0.705195917771408
1375,1.06547401839585
1376,0.451830236726681
1377,1.44241338912933
1378,0.520267154960635
1379,0.844884029839009
1380,0.918669547452106
1381,0.412502957108311
1382,0.948758992121394
1383,0.239780465258853
1384,1.37534890594353
1385,0.181523276397302
1386,0.911192231947973
1387,1.41647728774178
1388,0.444294026516895
1389,0.344865672108513
1390,0.173605265498121
1391,1.09062344917788
1392,0.856239754481492
1393,0.251125487807281
1394,0.440946786574103
1395,0.25165728233023
1396,0.924500905244922
1397,1.83180027868546
1398,0.635101444724557
1399,0.719822654931129
1400,0.586746241700787
1401,0.60070843568024
1402,0.785686420283929
1403,0.538237973330745
1404,0.460754347882847
1405,0.315605549035119
1406,0.705857322839869
1407,0.671272893091193
1408,0.540403121421169
1409,1.05992999275859
1410,0.218047714526058
1411,0.0839855157599529
1412,0.815499577762158
1413,0.266928568114258
1414,0.113394497889571
1415,0.410129934019406
1416,0.170287403745649
1417,0.340210124529016
1418,0.385640139266877
1419,0.367330430147779
1420,0.292718952178891
1421,0.236811235597532
1422,0.713101315517371
1423,0.262241155960021
1424,0.485315638337903
1425,0.459976909497263
1426,0.372079872235716
1427,0.480354981319892
1428,0.206441630954008
1429,0.230301724201911
1430,0.521670666884981
1431,0.399307365210823
1432,0.786071051779701
1433,0.902737418500835
1434,0.420511451848258
1435,0.0849339758603749
1436,0.265462950205459
1437,0.0874420919898515
1438,0.0905518472055932
1439,0.364244225585038
1440,0.126433220150739
1441,0.504815816855631
1442,0.184353939705317
1443,0.555354935791601
1444,0.729713326232075
1445,0.304652067671942
1446,0.121814055042003
1447,0.215465657442251
1448,0.134452418235256
1449,0.0916394952031921
1450,0.867808309124357
1451,0.179234667814497
1452,0.931310867025724
1453,1.77992284810152
1454,0.31417155793519
1455,0.0863193193183288
1456,0.14310007027787
1457,0.0623654470657338
1458,0.563807413649898
1459,0.912057265119589
1460,0.205015236121486
1461,0.189757383855621
1462,0.253339258310558
1463,0.549627007379903
1464,0.0880493916407441
1465,1.65539031544949
1466,0.031206801776294
1467,0.903584510334018
1468,0.472064091871255
1469,0.137382004569766
1470,0.0512981311434745
1471,0.532153693168567
1472,0.289168971685978
1473,0.204592283889431
1474,0.985103679450425
1475,0.0335022583790297
1476,0.0296139435414694
1477,0.445952780911739
1478,0.268015809432338
1479,0.217750825040892
1480,0.4806057325571
1481,0.557070483112952
1482,0.233001619457874
1483,0.127793628458854
1484,0.974513541088908
1485,0.628283468835034
1486,0.120287543568463
1487,0.820588478078591
1488,0.236232507957437
1489,0.782118760244895
1490,1.30072661187373
1491,0.842932265189536
1492,0.151789545991162
1493,0.584551980236686
1494,0.946942243870375
1495,0.931681508875931
1496,1.44830406104458
1497,0.0679414668787612
1498,0.258691864592698
1499,0.46774160865264
1500,1.24051974271216
1501,0.745662506011441
1502,0.537328285109718
1503,0.444056173358022
1504,0.0831852020124236
1505,0.660401995512373
1506,0.975898143330532
1507,0.356587196915786
1508,1.01845541251331
1509,0.774385774898824
1510,0.0475045615046799
1511,0.148372178267656
1512,0.142453235109168
1513,0.193077219283515
1514,0.256323226225009
1515,0.0287244321301526
1516,0.739810256188722
1517,0.582628010812754
1518,0.363945356055811
1519,0.392981327437321
1520,0.231684957043686
1521,0.54294895247246
1522,0.0148851319417983
1523,0.729525391296763
1524,1.03603139764643
1525,0.254628472092256
1526,0.314924914664588
1527,0.47011859116945
1528,1.25816400208968
1529,2.09873808250402
1530,0.307906598604727
1531,0.876287517744342
1532,1.39473204798305
1533,0.436184156310165
1534,0.191156362507292
1535,0.180811727184968
1536,0.0400108134530282
1537,0.375842087515675
1538,0.0845469153020211
1539,0.680561188997046
1540,0.645882961522414
1541,0.440973004113765
1542,0.398486635839128
1543,0.0945483622309216
1544,1.23182216951586
1545,0.134654796977305
1546,0.70676657105477
1547,0.103496624643699
1548,0.159769079250252
1549,0.237857824017929
1550,0.413757548724081
1551,0.404925693990878
1552,0.313709416576621
1553,0.347032555850876
1554,0.489176300745726
1555,0.525080072798501
1556,0.0785793366471134
1557,0.348842905434347
1558,1.18039701906515
1559,0.814001217262571
1560,0.200099559723626
1561,0.22674394067076
1562,1.54457027373664
1563,0.418414508900104
1564,0.218284779875766
1565,0.27814814134445
1566,1.90556543870177
1567,0.10641386733762
1568,0.0119253769931763
1569,0.999038540055255
1570,0.221422367309788
1571,0.00720898556405926
1572,0.0459773160230271
1573,0.0265962356346045
1574,0.70028499387046
1575,0.398867445044884
1576,0.0321408492871016
1577,0.5788430450186
1578,0.653948279799521
1579,1.2069553713962
1580,0.279134617227273
1581,0.197844093700978
1582,0.825645239936944
1583,0.248504738350878
1584,0.464816994042593
1585,0.172785188464759
1586,0.0413700044883148
1587,0.314105289769564
1588,0.0970185116066223
1589,0.787038741356065
1590,0.359564560728257
1591,0.501601240059914
1592,0.98278277316465
1593,0.153738346596779
1594,0.72750484630574
1595,0.21469317523106
1596,0.295965875791064
1597,0.325998676601122
1598,0.429723744829248
1599,0.265846826260891
1600,0.630788119610917
1601,0.755740803645589
1602,0.849190342993772
1603,0.674647256887483
1604,0.191289246932267
1605,0.434570926903678
1606,1.01538408557856
1607,0.0419716486557813
1608,0.144940923566115
1609,0.149097126235204
1610,0.588367881341394
1611,0.15060118173023
1612,0.484694676593343
1613,0.530669907956394
1614,0.123636949694707
1615,0.662712909862888
1616,0.345495293910035
1617,0.0521139761326942
1618,0.276045609966655
1619,1.36100115918077
1620,0.966546811760226
1621,0.875599178428787
1622,0.61015121758354
1623,0.0252617948815776
1624,0.128237189458057
1625,0.72103546744297
1626,0.118553073101306
1627,1.02352694255315
1628,0.213329712597863
1629,0.159120480934836
1630,0.237718802949107
1631,0.105510954074825
1632,0.33389731697369
1633,0.830117963742059
1634,0.508873158023639
1635,0.550082011654382
1636,0.537761813124789
1637,1.16835923459771
1638,1.05375082352616
1639,0.39409258330904
1640,1.22118577793572
1641,1.7681956521213
1642,0.248555359903647
1643,0.859173010932011
1644,0.291026851709394
1645,0.412761216493272
1646,0.212232750699803
1647,0.797093148853985
1648,0.482552681223415
1649,0.50022051331974
1650,0.175287458268076
1651,1.18096833332291
1652,0.545730766523607
1653,1.32870331717007
1654,0.759234615140423
1655,0.628971589555633
1656,0.534400805002006
1657,0.501623060124319
1658,1.30542283541128
1659,0.170078051267238
1660,0.133687833376258
1661,0.191082389824738
1662,0.438869446589128
1663,0.371595185760859
1664,1.58738202836664
1665,1.26024723596202
1666,1.22012562874691
1667,0.52019854418729
1668,1.80462610785697
1669,0.447880442314082
1670,0.0183337678715162
1671,0.924248740420112
1672,0.328410030783218
1673,0.105100804094964
1674,0.0970540532307234
1675,0.20790581378922
1676,0.142120420920151
1677,0.399097287309697
1678,0.546739141925346
1679,0.527117273465319
1680,0.13571182442309
1681,0.581132031134339
1682,0.221814306138572
1683,0.748295376976867
1684,0.353378863697602
1685,0.293888137593252
1686,0.165224036417466
1687,0.0745049009188948
1688,0.11814651161344
1689,0.1198057357192
1690,0.071438058709052
1691,0.123123321630352
1692,0.466504407343923
1693,0.42618067142643
1694,0.382882412717643
1695,0.203824567887677
1696,0.163822763484177
1697,0.386854725281997
1698,0.25424288713053
1699,1.18924186130155
1700,0.309630564901889
1701,0.13473912452485
1702,0.254622436512754
1703,0.0296531658677577
1704,0.0686864032731613
1705,0.53811403976684
1706,0.0660098012162649
1707,1.0563856791861
1708,0.7100241559984
1709,0.669610351618354
1710,0.233802994123911
1711,0.166840283261203
1712,0.794072891960936
1713,0.132325338939456
1714,0.42076039571791
1715,0.363047781248128
1716,0.456268727650853
1717,0.408624216385877
1718,0.656051403630394
1719,0.24382847399871
1720,0.603301948009411
1721,0.11790896396271
1722,0.420705543998829
1723,0.772754278956628
1724,0.104856578787286
1725,0.664322714909246
1726,0.787268763781032
1727,0.252989462502405
1728,0.196935237384293
1729,0.200194712794763
1730,0.73914536120748
1731,0.156097870890028
1732,0.757877476515676
1733,0.0080985995651335
1734,1.87228783805821
1735,0.335521941376897
1736,0.780994603389644
1737,0.656818608549832
1738,1.23464945594592
1739,0.00461699446032721
1740,1.48183764770423
1741,0.439351353169131
1742,0.0261373965992069
1743,0.365793709601802
1744,0.153411266350042
1745,0.416901188732679
1746,0.286616274504684
1747,0.0759301179401368
1748,0.15690556413323
1749,0.641467816234754
1750,0.327213427823685
1751,0.610587617566448
1752,0.182898211961718
1753,0.315254415813993
1754,0.429531946320616
1755,0.247519887270436
1756,0.425864707305504
1757,0.0180523478916471
1758,0.743058312044921
1759,1.43768051000672
1760,2.29957150987938
1761,0.771816079391027
1762,0.175550376518002
1763,0.361712317015139
1764,0.326878434126566
1765,1.46775853582822
1766,0.35238184256311
1767,0.492243510566047
1768,0.0796243250638957
1769,0.823377271323592
1770,1.32843781882632
1771,0.240367298343427
1772,1.19881857896188
1773,0.70058780379249
1774,0.220965656364504
1775,0.799087143889828
1776,0.390336675254791
1777,0.261548099696058
1778,1.05984078714122
1779,0.375744268464268
1780,0.563192658669773
1781,1.13882090986647
1782,0.113749585653414
1783,1.16120000654989
1784,1.32646206010797
1785,0.59792039895773
1786,1.22532745439246
1787,0.221268623073167
1788,0.362597073503924
1789,0.867245719797487
1790,0.311434824674722
1791,1.33641907935558
1792,0.65361014780244
1793,0.270335436471749
1794,0.335339704863472
1795,0.883310355048843
1796,0.15857723315371
1797,0.12239394191733
1798,0.238423921842841
1799,0.747687807925347
1800,0.710211006825137
1801,0.514011047516482
1802,0.216034453862641
1803,0.14072800553727
1804,0.356688491461157
1805,0.0109036259576076
1806,0.110390135313955
1807,0.492282715487717
1808,0.392035898459808
1809,0.325950966127891
1810,0.524372452298329
1811,0.0993323264444183
1812,0.469199806940433
1813,1.17380112652997
1814,1.51431382801597
1815,0.315682311898245
1816,0.444879191441738
1817,0.560850837887262
1818,0.130910208686445
1819,0.267313256459494
1820,0.488749709361455
1821,0.144575577265347
1822,1.80129860554166
1823,0.201589711906984
1824,1.01597908191337
1825,0.564853465459544
1826,0.224481819175636
1827,0.248816970739298
1828,1.49750276212327
1829,1.51879551013014
1830,0.169581798383024
1831,0.202743421035941
1832,0.298896218851622
1833,0.298678357933431
1834,0.194828076504979
1835,0.0330564726114443
1836,0.778809747259788
1837,0.259417475191143
1838,0.311969171601504
1839,1.04510812515268
1840,0.310459944418238
1841,0.364643259499469
1842,1.02968464775276
1843,0.136317350173353
1844,0.917330740469973
1845,0.573415882482419
1846,0.65817099232158
1847,0.810178459663651
1848,0.0439076023493182
1849,0.274778233287244
1850,0.111212625579912
1851,0.856553755167458
1852,0.835831526706164
1853,0.523999868309236
1854,1.07082187369755
1855,0.302420948292528
1856,0.0627368380060143
1857,0.301852292984438
1858,1.60263506724245
1859,0.67369141344659
1860,0.835130887052852
1861,0.38163135237405
1862,0.449536043401412
1863,0.261816389748241
1864,0.359988952335663
1865,0.5492935924943
1866,0.21950333793416
1867,0.456477190889193
1868,0.341647871374755
1869,0.96552722157302
1870,1.58169861293641
1871,0.460779911247296
1872,0.00714856516067852
1873,0.410583001317752
1874,0.48342569001901
1875,0.736438040389195
1876,0.0887757218040976
1877,0.963622242793723
1878,0.136618815770572
1879,1.00447959394914
1880,0.863821460544529
1881,0.0505893352957085
1882,0.00731355419604234
1883,0.167708106828408
1884,0.396372954455326
1885,1.50836380014017
1886,2.4676360331907
1887,0.254888829055753
1888,1.10994856740557
1889,0.115518649810632
1890,0.131519011614566
1891,0.09512892488104
1892,0.0531810914877948
1893,0.210385082284495
1894,1.20951947305023
1895,0.933758987635461
1896,0.407064908638751
1897,0.109226614332495
1898,0.855748097904279
1899,0.581552299190383
1900,0.736167783207517
1901,0.411835013194718
1902,2.08355416455982
1903,0.784303067227658
1904,0.174066788209437
1905,0.329186722221321
1906,0.867168259055211
1907,1.22493849635009
1908,0.535790964454117
1909,0.749614743449229
1910,0.351699700946479
1911,0.608544902827828
1912,0.479244872108078
1913,0.278311629206804
1914,0.645831519941864
1915,1.40744421494136
1916,0.572746715354403
1917,0.3999708963036
1918,0.336948277741695
1919,1.56671732825
1920,0.461977696829547
1921,0.163358915437121
1922,0.267753179603269
1923,0.532784541359826
1924,0.63042204077237
1925,0.102462360171905
1926,0.0610259832226963
1927,1.23380403278248
1928,0.0398139757268182
1929,0.457265462618024
1930,0.100902690931586
1931,0.262375256411906
1932,2.60125376166797
1933,0.045474310740712
1934,0.0727601819763611
1935,0.058337672807064
1936,0.370362234652576
1937,0.834498726147916
1938,0.0952605557307415
1939,0.087093218903739
1940,0.0892240367422648
1941,0.218139759702044
1942,0.585381286386554
1943,0.118923643373932
1944,0.572521212653211
1945,0.515745638438624
1946,0.995029372688718
1947,1.51075538356486
1948,0.522978201042218
1949,0.148805797694535
1950,0.998395302416609
1951,0.130427178558519
1952,1.25480011860695
1953,0.444563556046378
1954,0.743391979457645
1955,1.35747877878598
1956,0.352767712780031
1957,0.113805130430255
1958,1.12041020891515
1959,0.453096455096463
1960,0.771650037499155
1961,0.112421622502346
1962,0.820460583422949
1963,0.999992841402987
1964,0.069276079054878
1965,0.557274638369393
1966,0.929973547710536
1967,0.733247564303627
1968,0.0890774102826978
1969,0.413308113333038
1970,0.1791561415504
1971,0.464287201861594
1972,0.674951179571193
1973,1.19067653487734
1974,0.779726850320163
1975,0.0924933157758286
1976,0.115956016190723
1977,0.241636061446368
1978,0.267760616135958
1979,0.356267437871745
1980,1.05965397674758
1981,1.28467314645303
1982,0.465962977119079
1983,0.584800533368788
1984,0.28109975793921
1985,0.401274635326682
1986,0.236743150110182
1987,0.24184232457146
1988,0.83059904370391
1989,0.925720900671753
1990,0.476064167165722
1991,0.167565379893415
1992,0.0886317679704298
1993,1.4339441567211
1994,0.616567703711194
1995,0.0483283089829459
1996,0.394696127333882
1997,0.326622501097739
1998,0.133247878965563
1999,0.705129351712908
2000,1.12328193272136
2001,0.964927238526289
2002,1.12065032101467
2003,0.420572193202364
2004,0.30334501956864
2005,0.544316728158645
2006,0.572526885367634
2007,0.587238148898489
2008,0.36318143549251
2009,0.212141420580389
2010,0.0571846339081741
2011,0.742591145432092
2012,0.279938333022749
2013,1.41573363888544
2014,0.0117484669974861
2015,0.791491299007224
2016,0.131859543755099
2017,0.481058349937321
2018,0.0989474732456868
2019,1.81573104180515
2020,0.101342741429961
2021,0.885290392485051
2022,0.672493460509711
2023,0.142920136752904
2024,1.47236140963128
2025,0.41728071055558
2026,0.990206898876072
2027,0.14808808208782
2028,0.112131108847897
2029,0.685640408586146
2030,0.759872224008316
2031,1.15053398514484
2032,0.117279923742579
2033,0.782949936436667
2034,1.29449158680871
2035,0.255013979816549
2036,0.745743015993205
2037,0.630834915175019
2038,0.274726710035952
2039,0.507175996328201
2040,0.949383864448056
2041,0.17862009846278
2042,0.612530045764501
2043,0.845260070679975
2044,0.857716649280761
2045,0.201436953702905
2046,0.334883217279602
2047,0.0281376602175526
2048,0.511553361399023
2049,0.429512411455695
2050,0.576470516749458
2051,0.393762878254388
2052,0.0621627314972263
2053,1.03712732877148
2054,0.101429639169519
2055,0.215015782757904
2056,0.548013814950995
2057,0.363505183830516
2058,0.366958905666185
2059,0.35873151063393
2060,0.427194450179286
2061,0.372012321511808
2062,0.277625832271673
2063,1.39938466558639
2064,0.680073668370542
2065,0.705410767666391
2066,0.385129998144341
2067,0.572631200709845
2068,0.22221029656667
2069,0.110971116844375
2070,0.26483541344902
2071,0.047686726292649
2072,0.663662413196981
2073,0.89922609905324
2074,0.0681002430010006
2075,0.070603919270934
2076,0.199206230376269
2077,1.19142905171006
2078,0.149370979043025
2079,0.101983322179463
2080,1.03110701689038
2081,1.24915328154769
2082,1.22091754865723
2083,0.794406197704038
2084,0.0614060500752276
2085,0.229453134523243
2086,1.04717627896207
2087,0.896412982913154
2088,0.838622895730838
2089,0.553163607631514
2090,0.776328983764533
2091,0.724371252826615
2092,0.484845320551808
2093,0.675200840799101
2094,0.360716897717166
2095,0.668488299031582
2096,0.299550045033175
2097,1.74424224291433
2098,0.148840769182389
2099,0.629648511387766
2100,0.811423323916692
2101,0.334307880407519
2102,0.114394781204017
2103,0.605983505350977
2104,0.823178122982814
2105,0.581234419043393
2106,0.360594437205241
2107,0.115731166787533
2108,0.518725018784132
2109,0.590805081270357
2110,0.845480176003535
2111,0.267664712953342
2112,0.165092229728976
2113,0.81963161432816
2114,1.43541224135333
2115,0.633751732109277
2116,0.432365794249133
2117,0.725006621188846
2118,0.66211361660342
2119,0.67590755537932
2120,0.123724317497241
2121,0.153986248161539
2122,0.316546526237171
2123,0.310335035798372
2124,1.59456508833605
2125,0.237525303586469
2126,0.593229220254518
2127,0.213115220314822
2128,0.872773747070427
2129,0.0692093921893659
2130,0.185775585622832
2131,0.0205068860921434
2132,0.0320107386092174
2133,0.512713131874678
2134,0.346203527615702
2135,0.170235725822901
2136,0.48181655994454
2137,0.304905013691464
2138,0.130381372170062
2139,0.356716104521383
2140,0.455111799107186
2141,1.31625298371626
2142,0.237858253565368
2143,0.261293313088628
2144,0.201439827054863
2145,0.452201969853007
2146,0.499444856161954
2147,0.51238906465189
2148,0.581061222671015
2149,1.19677209449377
2150,0.906904817303167
2151,0.101394696019185
2152,0.139002384024172
2153,0.154232415339104
2154,0.477471684618489
2155,0.473221091960182
2156,0.88118529656305
2157,0.70873318203244
2158,0.693096122847674
2159,0.334150152475017
2160,0.140730065471898
2161,0.147983872653544
2162,0.0649192638196509
2163,0.736511930640958
2164,0.548670027577587
2165,0.26166076250358
